2014-summary	a single wall calendar page rectangle with one small circle marking a day, a thin pencil bar beside it
2016-summary	a small bar chart of four rising thin bars next to a tiny circle like a lit window
2017-summary	a square-cap mortarboard shape made of a flat diamond-like rectangle and a small block, with a short tassel bar, resting quietly
2018-summary	a small butterfly made of two pairs of circles beside a long thin ruler bar with tick marks
2019-summary	a small old-fashioned round clock face with no numbers, standing alone apart from a row of identical upright bars
2020-summary	a closed window frame of thin bars with a single small circle seen behind it, quiet and still
2022-summary	an empty notebook rectangle lying open slightly, a short pencil bar placed across it
2023-summary	two small circles facing each other across a thin horizontal bar, like an echo, one pale and one rust
2024-new-macbook-setup	a slim open laptop made of a thin tilted rectangle screen and a flat base bar, a small circle on the screen
7-days-meditation	a small round cushion disc with a thin vertical incense bar standing on it and a pale circle of smoke above
a-year-off-work	an office swivel chair shape of bars and a capsule, empty and turned away, with a small sun circle beyond
ai-writing	a fountain pen nib built from a capsule and a triangle, next to a small square chip block
apple-notes-and-para	four small square folders in a neat 2 by 2 grid, one of them slightly lifted
be-a-creator	a small seedling: a thin vertical stem bar with two capsule leaves growing from a flat soil bar
cat-capriccio	a resting cat made only of circles and a capsule tail curled around a bowl disc
code-artists	a painter's palette disc with three small dots of ink and a thin brush bar laid across it
declarative-programming-is-the-future	a blueprint rectangle with a few thin bars on it and the finished small house block standing beside it
dentist-exp	a single tooth shape made of a capsule and two short rounded roots, with a small mirror disc on a long thin handle
do-have-faith-with-yourself	a single tall upright bar standing firmly on its own small base while a few thin tilted bars lean around it
electron-sqlite	a short stack of three flat cylinder discs like a database, connected by a thin bar to a small window rectangle
everything-is-about-trade-off	an old balance scale: a thin horizontal beam on a vertical post with two small hanging pans, one slightly lower
how-do-i-take-note	a small index card box with several upright thin cards, one card pulled up higher
how-svelte-set-state-works	a small queue of three circles lined up on a thin bar, the first one dropping into a little square box
leaving-alibaba	an open door rectangle with a thin frame and a pale wedge of light falling outward onto the floor
letter-from-few-years-ago	a sealed envelope rectangle with a triangle flap and a small round wax seal
letters-from-reader	a small stack of three envelopes offset from each other, the top one slightly open
my-coding-road	an old CRT computer block with a small square screen showing a single blinking cursor bar
my-extension-sold-1k-yuan	a small puzzle piece square next to a short stack of three coin discs
my-oss-donation-budget	a small jar rectangle with a coin disc dropping into a slot on top
my-underground-publication	a small hand-folded booklet of two tilted rectangles with a big staple bar, beside a stamp block
my-wubi-exp	a small grid of square keyboard keys, one key pressed down lower than the rest
newness	two small circles side by side on a thin line, one of them glancing away toward a faint new circle far off
nonviolent-communication	two speech-bubble capsules facing each other, soft and rounded, slightly overlapping
note-to-new-programming-students	an opened door frame with a small staircase of three blocks leading up to it
one-year-after-dropping-out-of-school	a small paper airplane made of triangles flying away from a rectangle building
one-year-of-bulking	a dumbbell made of a thin bar and two heavy discs on each end, resting on the ground
react-and-the-way-building-web-ui	a small tree of nested rectangles, one parent block connected by thin bars to three child blocks
react-and-vue	two small car shapes of rounded rectangles and circle wheels, one with a tiny gear stick bar
read-badass-making-users-awesome	a small trophy cup of a half circle on a short stem bar and base, with a tiny star circle above
read-grid-writing-method	a 3 by 3 grid of small squares, the center one filled in rust, the others pale
read-react-18-doc	an open thin book with a small hatch-shaped square door cut into one page
reading-tim-cook	a single round fruit circle with a small leaf capsule on top, beside a thin open book
reason-why-your-blog-is-not-alive	a small potted plant with thin drooping capsule leaves next to a watering can of a block and spout bar
regret-minimization-framework	a path that splits into two thin bars at a fork, a small circle standing at the junction
retake-and-destiny	a single exam desk block with a small upright card, and a thin arrow bar curving back to start again
say-in-21	a small rocket built from a capsule and two triangle fins, pointing upward on a launch bar
say-in-28	a short thick bar charging forward with a small circle ahead of it, like a battering ram, energetic diagonal
svelte	a thin compile arrow bar turning a messy cluster of small circles into one tidy small square
talking-about-dropout-again	a small paper airplane landed softly on the ground, five years of thin bars stacked behind it
things-i-learnt-after-6-years-as-software-engineer	a small wrench shape of a bar and a circle head, next to a tidy row of ten tiny dots
things-i-learnt-at-school	a school bell made of a half circle and a tiny clapper circle hanging from a thin bar
think-deeper	a magnifying glass made of a ring circle and a handle bar, held over a single small square
to-frontend-prejudicers	a tall wall of thin bars with a small round window cut through it, light passing through
to-hongkong-people	a well seen from above as a circle ring, a small circle of sky reflected inside it
want-it-cuz-it-is-right	a small round mathematical compass shape of two thin bars hinged at a circle, drawing an arc
what-i-have-done-at-UC	a neat factory conveyor bar with three identical small boxes evenly spaced on it
yan-tian-xian-sheng	a small game controller made of a rounded rectangle, a cross shape and two tiny round buttons
you-dont-need-to-drop-out	a school building rectangle with a small open door and a thin path bar leading back into it
